{
    "map_id": "breach_ignotusafterburn",
    "is_legacy": false,
    "chapter": 2001,
    "available_from": -1,
    "available_to": 9999999999999,
    "is_repeatable": false,
    "require_id": "",
    "require_type": "",
    "coordinate": "-250,130",
    "is_beyond": true,
    "is_breached": true,
    "stamina_cost": 3,
    "beyond_health": 150,
    "character_affinity": [
        55,
        0,
        1
    ],
    "affinity_multiplier": [
        3.8,
        3.8,
        3.8
    ],
    "step_count": 12,
    "custom_bg": "",
    "curr_position": 0,
    "curr_capture": 0,
    "is_locked": true,
    "new_law": "frag50",
    "disable_over": false,
    "chain_info": {
        "id": "ignotusafterburn2",
        "index": 1
    },
    "steps": [
        {
            "map_id": "breach_ignotusafterburn",
            "position": 0,
            "capture": 5
        },
        {
            "map_id": "breach_ignotusafterburn",
            "position": 1,
            "capture": 10,
            "step_type": [
                "randomsong",
                "speedlimit",
                "plusstamina"
            ],
            "speed_limit_value": 34,
            "plus_stamina_value": 2
        },
        {
            "map_id": "breach_ignotusafterburn",
            "position": 2,
            "capture": 15,
            "restrict_difficulty": 2,
            "restrict_ids": [
                "dropdead",
                "take",
                "dandelion"
            ],
            "step_type": [
                "speedlimit"
            ],
            "speed_limit_value": 44
        },
        {
            "map_id": "breach_ignotusafterburn",
            "position": 3,
            "capture": 20,
            "step_type": [
                "randomsong",
                "plusstamina"
            ],
            "plus_stamina_value": 1
        },
        {
            "map_id": "breach_ignotusafterburn",
            "position": 4,
            "capture": 25,
            "restrict_id": "single",
            "restrict_type": "pack",
            "restrict_difficulty": 2,
            "step_type": [
                "randomsong",
                "speedlimit"
            ],
            "speed_limit_value": 30
        },
        {
            "map_id": "breach_ignotusafterburn",
            "position": 5,
            "capture": 30,
            "restrict_id": "base",
            "restrict_type": "pack",
            "restrict_difficulty": 2,
            "step_type": [
                "randomsong"
            ]
        },
        {
            "map_id": "breach_ignotusafterburn",
            "position": 6,
            "capture": 25,
            "step_type": [
                "randomsong",
                "speedlimit"
            ],
            "speed_limit_value": 52
        },
        {
            "map_id": "breach_ignotusafterburn",
            "position": 7,
            "capture": 20,
            "step_type": [
                "randomsong"
            ]
        },
        {
            "map_id": "breach_ignotusafterburn",
            "position": 8,
            "capture": 15,
            "step_type": [
                "speedlimit"
            ],
            "speed_limit_value": 55
        },
        {
            "map_id": "breach_ignotusafterburn",
            "position": 9,
            "capture": 10,
            "step_type": [
                "speedlimit",
                "randomsong"
            ],
            "speed_limit_value": 55
        },
        {
            "map_id": "breach_ignotusafterburn",
            "position": 10,
            "capture": 5,
            "items": [
                {
                    "type": "fragment",
                    "value": 616
                }
            ]
        },
        {
            "map_id": "breach_ignotusafterburn",
            "position": 11,
            "capture": 0,
            "items": [
                {
                    "type": "world_song",
                    "id": "ignotusafterburn2"
                }
            ]
        }
    ]
}