{
    "map_id": "ignotusafterburn_af",
    "is_legacy": false,
    "is_beyond": false,
    "beyond_health": 200,
    "character_affinity": [],
    "affinity_multiplier": [],
    "chapter": 0,
    "available_from": -1,
    "available_to": 2106124800000,
    "is_repeatable": false,
    "require_id": "",
    "require_type": "fragment",
    "require_value": -2018,
    "coordinate": "-450,185",
    "step_count": 19,
    "custom_bg": "",
    "stamina_cost": 2,
    "curr_position": 0,
    "curr_capture": 0,
    "is_locked": true,
    "steps": [
        {
            "position": 0,
            "capture": 47
        },
        {
            "position": 1,
            "capture": 36,
            "items": [
                {
                    "type": "fragment",
                    "amount": -2018
                }
            ]
        },
        {
            "position": 2,
            "capture": 28
        },
        {
            "position": 3,
            "capture": 42,
            "step_type": [
                "randomsong",
                "speedlimit"
            ],
            "speed_limit_value": 45,
            "restrict_difficulty": 2
        },
        {
            "position": 4,
            "capture": 55,
            "items": [
                {
                    "type": "core",
                    "id": "core_course_skip_purchase",
                    "amount": 5
                }
            ]
        },
        {
            "position": 5,
            "capture": 52,
            "step_type": [
                "randomsong",
                "plusstamina",
                "speedlimit"
            ],
            "plus_stamina_value": -1,
            "speed_limit_value": 20
        },
        {
            "position": 6,
            "capture": 22,
            "restrict_id": "sayonarahatsukoi",
            "restrict_type": "song_id"
        },
        {
            "position": 7,
            "capture": 31,
            "step_type": [
                "plusstamina"
            ],
            "plus_stamina_value": 2
        },
        {
            "position": 8,
            "capture": 20
        },
        {
            "position": 9,
            "capture": 33,
            "items": [
                {
                    "type": "fragment",
                    "amount": -2018
                }
            ]
        },
        {
            "position": 10,
            "capture": 66,
            "step_type": [
                "randomsong",
                "speedlimit"
            ],
            "speed_limit_value": 55,
            "restrict_id": "base",
            "restrict_type": "pack_id"
        },
        {
            "position": 11,
            "capture": 73,
            "items": [
                {
                    "type": "fragment",
                    "amount": -2018
                }
            ]
        },
        {
            "position": 12,
            "capture": 88,
            "items": [
                {
                    "type": "memory",
                    "amount": -500
                }
            ]
        },
        {
            "position": 13,
            "capture": 73,
            "items": [
                {
                    "type": "fragment",
                    "amount": -2018
                }
            ],
            "step_type": [
                "speedlimit"
            ],
            "speed_limit_value": 255
        },
        {
            "position": 14,
            "capture": 60
        },
        {
            "position": 15,
            "capture": 40,
            "items": [
                {
                    "type": "fragment",
                    "amount": 29997
                }
            ]
        },
        {
            "position": 16,
            "capture": 20,
            "items": [
                {
                    "type": "memory",
                    "amount": 500
                }
            ]
        },
        {
            "position": 17,
            "capture": 5
        },
        {
            "position": 18,
            "capture": 10,
            "items": [
                {
                    "type": "world_song",
                    "id": "ignotusafterburn"
                }
            ]
        }
    ]
}